,NIC5digitId,RAMANAGARA,Activity
0,01462,8,Production of eggs
1,01463,9,Operation of poultry hatcheries
2,01492,14,Bee-keeping and production of honey and beeswax
3,01493,1,"Raising of silk worms, production of silk worm cocoons"
4,01612,18,Operation of agricultural irrigation equipment
5,01620,14,Support activities for animal production
6,01631,9,"Preparation of crops for primary markets, i.e. cleaning, trimming, grading, disinfecting"
7,01632,3,"Cotton ginning, cleaning and bailing"
8,01633,1,Preparation of tobacco leaves
9,01639,12,"Other post harvest crop activities, n.e.c."
10,01640,8,Seed processing for propagation
11,05101,5,Opencast mining of hard coal
12,05102,1,Belowground mining of hard coal
13,05103,3,"Cleaning, sizing, grading, pulverizing, compressing etc of coal"
14,05109,2,Other operations relating to mining and agglomeration of hard coal
15,05201,1,Opencast mining of lignite (brown coal)
16,05202,3,Belowground mining of lignite (brown coal)
17,05203,3,"Washing, dehydrating, pulverizing, compressing of lignite"
18,05209,4,Other operations relating to mining and agglomeration of lignite
19,06101,7,Off shore Extraction of crude petroleum
20,06102,4,On shore Extraction of crude petroleum
21,07100,13,Mining of iron ores
22,07210,3,Mining of uranium and thorium ores
23,07291,3,Mining of copper ore
24,07292,6,Mining of aluminium ore (bauxite)
25,07293,0,Mining of manganese ore
26,07294,0,Mining of chromium ore
27,07295,9,"Mining of precious metal ore (gold, silver)"
28,07296,0,Mining of lead and znic ore
29,07299,10,"Mining of other non-ferrous metal ores, n.e.c. [titanium ( ilmenite and rutile) ,niobium, tantalum, vanadium or zirconium ores; tin bearing ores; and, nickel, cobalt, tungsten, molybdenum, antimony and other non-ferrous metal ores]"
30,08101,4,Quarrying of marble
31,08102,15,Quarrying of granite
32,08103,21,Quarrying of slate and building and monumental stone other than marble and granite
33,08104,1,Mining of dolomite
34,08105,1,Mining of gypsum including selenite
35,08106,50,"Operation of sand or gravel pits, basalt / porphyry, clay (ordinary), crushing and breaking of stone for use as a flux or raw material in lime or cement, manufacture or as building material, road metal or ballast and other materials for construction"
36,08107,2,"Mining/quarrying of limestone, limeshell, 'kankar' and other calcareous minerals including calcite, chalk and shale"
37,08108,3,"Mining of clays (kaolin, ball clay, wollastonite, bentonite, fuller's earth, fire clay etc. )"
38,08109,0,"Mining of refractory non-clay minerals (andalusite, kyanite, sillimanite, dunite, diaspore magnesite, diaspore, magnesite)"
39,08911,1,Mining of native sulphur or pyrites and pyrrhotites valued chiefly for sulphur
40,08912,0,Mining of natural phosphates including apatite minerals
41,08913,2,Mining of earth colours (ochre including red oxide).
42,08914,0,Mining of fluorspar
43,08915,1,Mining of barytes
44,08919,1,Mining of potash bearing salts/minerals; borate minerals and other fertiliser and chemical minerals n.e.c.
45,08920,1,Extraction and agglomeration of peat
46,08931,1,"Salt mining, quarrying, screening etc."
47,08932,1,Salt production by evaporation of sea water or other saline waters
48,08991,3,"Mining of gemstones (agate, diamond, emerald, garnet (gem), jasper, rubby/saphire etc."
49,08992,3,"Mining and quarrying of abrasive materials (pumice stone, emery, corundum,garnet and other natural abrasives)"
50,08993,0,Mining of mica
51,08994,2,Mining of natural graphite
52,08995,0,Mining of asbestos
53,08996,0,"Mining of vermiculite, perlite and chlorites"
54,08997,5,"Mining of felspar and silica minerals including quartz, quartzite and fuch. Quartzite"
55,08998,1,Mining of talc/ steatite
56,08999,0,"Mining of laterite, diatomite and silicious fossil meals (e.g. diatomite); and other natural fluxes; natural asphalt or bitumen and other mining n.e.c."
57,09101,3,Services incidental to off shore oil extraction
58,09102,2,Services incidental to on shore oil extraction
59,09103,2,Services incidental to off shore gas extraction
60,09104,1,Services incidental to on shore gas extraction
61,09900,12,Support activities for other mining and quarrying
62,10101,38,"Mutton-slaughtering, preparation"
63,10102,5,"Beef-slaughtering, preparation"
64,10103,2,"Pork-slaughtering, preparation"
65,10104,17,"Poultry and other slaughtering, preparation"
66,10105,12,"Preservation, Processing and canning of meat"
67,10106,0,Production of hides and skins originating from slaughterhouses
68,10107,1,Rendering of lard and other edible fats of animal origin
69,10108,0,Production and processing of animal offal
70,10109,26,"Production, processing and preserving of other meat and meat products n.e.c."
71,10201,12,Sun-drying of fish
72,10202,14,Artificial dehydration of fish and sea food
73,10203,3,Radiation preservation of fish and similar food
74,10204,13,Processing and preserving of fish crustacean and similar foods
75,10205,13,Processing and canning of fish
76,10206,0,Processing and canning of frog legs
77,10207,5,Production of fishmeal for human consumption or animal feed
78,10209,30,"Production, processing and preservation of other fish products n.e.c."
79,10301,41,Sun-drying of fruit and vegetables
80,10302,8,Artificial dehydration of fruit and vegetables
81,10303,5,Radiation preservation of fruit and vegetables
82,10304,39,"Manufacture of fruit or vegetable juices and their concentrates, squashes and powder"
83,10305,15,"Manufacture of sauces, jams, jellies and marmalades"
84,10306,32,"Manufacture of pickles, chutney etc."
85,10307,23,Canning of fruits and vegetables
86,10308,19,Manufacture of potato flour & meals and prepared meals of vegetables
87,10309,91,Preservation of fruit and vegetables n.e.c.
88,10401,10,Manufacture of hydrogenated oil and vanaspati ghee
89,10402,35,Manufacture of vegetable oils and fats excluding corn oil
90,10403,6,Manufacture of edible animal oils and fats
91,10404,1,Manufacture of fish oil
92,10405,2,Manufacture of non-edible animal oil and fats
93,10406,4,"Manufacture of oil cakes & meals incl. residual products, e.g. Oleostearin,Palmstearin"
94,10407,8,"Manufacture of non-defatted flour or meals of oilseeds, oilnuts or kernels"
95,10409,16,"Manufacture of other vegetable oil, animal oil and fats n.e.c"
96,10501,28,Manufacture of pasteurised milk whether or not in bottles/ polythene packs etc. (plain or flavoured)
97,10502,21,"Manufacture of milk-powder, ice-cream powder and condensed milk except baby milk food"
98,10503,10,Manufacture of baby milk foods
99,10504,35,"Manufacture of cream, butter, cheese, curd, ghee, khoya etc."
100,10505,15,"Manufacture of ice-cream, kulfi etc."
101,10509,52,Manufacture of other dairy products n.e.c.
102,10611,71,Flour milling
103,10612,62,Rice milling
104,10613,38,Dal (pulses) milling
105,10614,57,"Grain milling other than wheat, rice and dal"
106,10615,8,"Vegetable milling (production of flour or meal of dried leguminous vegetables(except dal), of roots or tubers, or of edible nuts)"
107,10616,25,Manufacture of cereal breakfast foods obtained by roasting or swelling cereal grains
108,10617,24,"Manufacture of flour mixes and prepared blended flour and dough for bread, cakes, biscuits"
109,10618,24,"Manufacture of other readymade mixed powders like idli, gulabjamun etc."
110,10619,43,Other grain milling and processing n.e.c.
111,10621,23,"Manufacture of starches from rice, potatoes, maize etc."
112,10622,1,Manufacture of sago and sago products
113,10623,1,"Manufacture of glucose, glucose syrup, maltose etc."
114,10624,1,Manufacture of gluten
115,10625,0,Manufacture of tapioca and tapioca substitutes prepared from starch
116,10626,1,Manufacture of corn oil
117,10629,2,Manufacture of other starch products n.e.c.
118,10711,34,Manufacture of bread
119,10712,110,"Manufacture of biscuits, cakes, pastries, rusks etc."
120,10719,80,Manufacture of other bakery products n.e.c.
121,10721,2,Manufacture or refining of sugar (sucrose) from sugercane
122,10722,2,Manufacture of 'gur' from sugarcane
123,10723,0,Manufacture of 'gur' from other than sugarcane
124,10724,0,Manufacture of khandsari' sugar from sugarcane
125,10725,1,Manufacture of khandsari' suger from other than sugarcane
126,10726,0,Manufacture of boora' and candy from sugarcane
127,10727,1,Manufacture of boora' and candy from other than sugarcane
128,10728,0,Manufacture of molasses
129,10729,11,"Manufacture of sugar from other sources (juice of palm, suger beet etc.)"
130,10731,3,Manufacture of cocoa products
131,10732,18,Manufacture of chocolate and chocolate confectionery
132,10733,2,Manufacture of sugar confectionery (except sweetmeats)
133,10734,10,Manufacture sweetmeats includind dairy based sweetmeats
134,10735,0,Manufacture of chewing gum
135,10736,7,"Preserving in sugar of fruit, nuts, fruit peels and other parts of plants"
136,10739,13,"Manufacture of other cocoa, chocolate, sugar confectionery products n.e.c."
137,10740,14,"Manufacture of macaroni, noodles, couscous and similar farinaceous products"
138,10750,139,Manufacture of prepared meals and dishes
139,10791,29,Processing and blending of tea including manufacture of instant tea
140,10792,26,"Coffee curing, roasting, grinding blending etc. and manufacturing of coffee products"
141,10793,37,Processing of edible nuts
142,10794,11,Manufacture of malted foods including foods for infants and handicapped
143,10795,106,Grinding and processing of spices
144,10796,68,"Manufacture of papads, appalam and similar food products"
145,10797,35,"Manufacture of vitaminised high protein flour, frying of dal and other cereals"
146,10798,12,"Processing of salt into food-grade salt, e.g. iodized salt"
147,10799,238,"Other semi-processed, processed or instant foods n.e.c. except farinaceous products and malted foods and manufacturing activities like manufacture of egg powder, sambar powder etc. (this excludes the activities covered under 10619)"
148,10801,6,Manufacture of cattle feed
149,10802,5,Manufacture of poultry feed
150,10803,18,"Manufacture of prepared feeds for pets, including dogs, cats, birds, fish etc."
151,10809,2,Manufacture of other animal feeds n.e.c.
152,11011,4,"Manufacture of distilled, potable, alcoholic beverages such as whisky, brandy, gin, ""mixed drinks"" etc."
153,11012,0,Manufacture of country liquor
154,11019,1,"Distilling, rectifying and blending of spirits"
155,11020,6,Manufacture of wines
156,11031,0,Manufacture of beer
157,11032,0,Manufacture of malt liquors other than beer
158,11033,0,Manufacture of malt
159,11039,0,Manufacture of malt liquors and malt n.e.c.
160,11041,9,Manufacture of aerated drinks
161,11042,2,Manufacture of synthetic flavoured concentrates and syrups
162,11043,83,Manufacture of mineral water
163,11044,2,Manufacture of ice
164,11045,23,Manufacture of soft drinks
165,11049,16,Manufacture of other non-alcoholic beverages n.e.c.
166,12001,0,Stemming and redrying of tobacco
167,12002,1,Manufacture of bidi
168,12003,0,"Manufacture of cigarettes, cigarette tobacco"
169,12004,0,Manufacture of cigars and cheroots
170,12005,0,Manufacture of snuff
171,12006,0,Manufacture of zarda
172,12007,0,Manufacture of catechu(katha) and chewing lime
173,12008,4,Manufacture of pan masala and related products.
174,12009,0,Manufacture of other tobacco products including chewing tobacco n.e.c
175,13111,20,Preparation and spinning of cotton fiber including blended* cotton
176,13112,8,Preparation and spinning of silk fiber including blended* silk
177,13113,0,"Preparation and spinning of wool, including other animal hair and blended* wool including other animal hair"
178,13114,5,Preparation and spinning of man-made fiber including blended* man-made fiber
179,13119,2,"Preparation and spinning of jute, mesta and other natural fibers including blended natural fibers n.e.c. *Blended yarn/fabrics means, yarn/fabrics containing more than 50% of one fiber."
180,13121,43,"Weaving, manufacture of cotton and cotton mixture fabrics."
181,13122,13,"Weaving, manufacture of silk and silk mixture fabrics."
182,13123,4,"Weaving, manufacture of wool and wool mixture fabrics."
183,13124,6,"Weaving, manufacturing of man-made fiber and man-made mixture fabrics."
184,13129,3,"Weaving of jute, mesta and other natural fibers including blended natural fibers n.e.c."
185,13131,74,Finishing of cotton and blended cotton textiles.
186,13132,20,Finishing of silk and blended silk textiles.
187,13133,5,Finishing of wool and blended wool textiles.
188,13134,16,Finishing of man-made and blended man-made textiles.
189,13135,2,"Finishing of jute, mesta and other vegetable textiles fabrics"
190,13136,6,Activity related to screen printing
191,13139,88,Other activities relating to finishing of textile n.e.c.
192,13911,13,Manufacture of knitted and crocheted cotton fabrics
193,13912,2,Manufacture of knitted and crocheted woolen fabrics
194,13913,3,Manufacture of knitted and crocheted synthetic fabrics
195,13919,4,Manufacture of other knitted and crocheted fabrics
196,13921,14,"Manufacture of curtains, bed covers and furnishings"
197,13922,7,Manufacture of crocheted made up textile goods except apparel
198,13923,7,Manufacture of mosquito nets
199,13924,14,"Manufacture of bedding, quilts pillows, sleeping bags etc."
200,13925,0,Manufacture of tarpaulin
201,13926,1,Manufacture of blankets
202,13929,25,"Manufacture of other made-up textile articles, except apparel n.e.c."
203,13931,4,Manufacture of carpets and other floor coverings made of cotton
204,13932,2,Manufacture of carpets and other floor coverings made of wool
205,13933,1,Manufacture of carpets and other floor coverings made of silk
206,13934,1,Manufacture of carpets made of synthetic materials
207,13935,4,"Manufacture of carpets, and other floor coverings made of jute, mesta and coir"
208,13939,3,Manufacture of other floor coverings n.e.c.
209,13941,6,"Manufacture of thread, including thread ball making"
210,13942,2,Manufacture of cordage or rope made of jute
211,13943,4,Manufacture of cordage or rope made of coir
212,13944,2,Manufacture of rope and cordage made of synthetic material
213,13945,2,"Manufacture of knotted netting of twine, cordage or rope (other than mosquito net)"
214,13946,4,"Manufacture of tapes, newar and wicks"
215,13949,4,Manufacture of other cordage or rope n.e.c.
216,13991,29,Embroidery work and making of laces and fringes
217,13992,7,Zari work and other ornamental trimmings
218,13993,1,Manufacture of linolium and similar products
219,13994,0,Manufacture of gas mantles
220,13995,2,"Manufacture of made-up canvas goods such tents, sails etc."
221,13996,9,Manufacture of wadding of textile materials and articles of wadding such as sanitary napkins and tampoons
222,13997,5,"Manufacture of metallised yarn or gimped yarn, rubber thread or cord covered with textile material, textile yarn or strip impregnated, covered or sheathed with rubber or plastic"
223,13998,3,Manufacture of waterproof textile excluding tarpulin
224,13999,171,Manufacture of other textiles/textile products n.e.c.
225,14101,222,Manufacture of all types of textile garments and clothing accessories
226,14102,11,Manufacture of rain coats of waterproof textile fabrics or plastic sheetings
227,14103,20,"Manufacture of hats, caps and other clothing accessories such as gloves, belts, ties, cravats, hairnets etc."
228,14104,12,Manufacture of wearing apparel made of leather and substitutes of leather
229,14105,414,Custom tailoring
230,14109,29,Manufacture of wearing apparel n.e.c.
231,14201,7,Manufacture of wearing apparel and clothing accessories made of fur
232,14202,1,Manufacture of fur and skin rugs and other similar articles
233,14209,3,Manufacture of other fur products n.e.c.
234,14301,9,"Manufacture of knitted or crocheted wearing apparel and other made-up articles directly into shape (pullovers, cardigans, jerseys, waistcoats and similar articles)"
235,14309,5,Manufacture of other knitted and crocheted apparel including hosiery
236,15111,8,Flaying and curing of raw hides and skins
237,15112,16,Tanning and finishing of sole leather
238,15113,20,Tanning and finishing of industrial leather
239,15114,16,"Scraping, currying, tanning, bleaching, shearing and plucking and dyeing of fur skins and hides with the hair on"
240,15115,33,"Finishing of upper leather, lining leather and garment leather etc."
241,15116,5,Embroidering and embossing of leather articles
242,15119,16,"Other tanning, curing, finishing, embossing etc. of leather"
243,15121,36,"Manufacture of travel goods like suitcase, bags, holdalls etc."
244,15122,57,"Manufacture of purse, ladies' handbags, artistic leather presented articles and novelties"
245,15123,3,Manufacture of saddlery and harness
246,15129,22,Manufacture of other consumer goods of leather and substitutes of leather n.e.c.
247,15201,42,"Manufacture of leather footwear such as shoes, sandals, chappals, leather-cum-rubber/plastic cloth sandles and chappals"
248,15202,3,Manufacture of footwear made primarily of vulcalized or moulded rubber and plastic.
249,15209,24,Manufacture of other footwear n.e.c.
250,16101,18,Sawing and planing of wood
251,16102,7,Manufacture of unassembled wooden flooring including parquet flooring
252,16103,0,Manufacture of wooden railway sleepers
253,16109,10,Activities related to saw milling and planing of wood n.e.c.
254,16211,18,Manufacture of ply wood and veneer sheets
255,16212,10,Manufacture of particle board and fibreboard including densified wood
256,16213,11,Manufacture of flush doors and other boards or panels
257,16219,34,Manufacture of other plywood products n.e.c.
258,16221,24,"Manufacture of structural wooden goods [intended to be used primarily in the construction industry such as beams, rafters, roof struts, glue-laminated and metal connected, prefabricated wooden roof trusses, doors, windows, shutters and their frames, whether or not containing metal fittings, stairs, railings, wooden beadings and mouldings, shingles and shakes etc.]"
259,16222,12,"Manufacture of prefabricated buildings, or elements thereof, predominantly of wood"
260,16229,28,Manufacture of builders' carpentry and joinery n.e.c.
261,16231,22,"Manufacture of wooden boxes, barrels, vats, tubs, packing cases etc."
262,16232,3,Manufacture of plywood chests
263,16233,2,"Manufacture of market basketry, grain storage bins and similar products made of bamboo or reed"
264,16239,9,"Manufacture of other wooden containers and products entirely or mainly of cane, rattan, bamboo, willow, fibre, leaves and grass n.e.c."
265,16291,14,Manufacture of wooden industrial goods
266,16292,2,Manufacture of cork and cork products
267,16293,2,Manufacture of wooden agricultural implements
268,16294,4,"Manufacture of various articles made of bamboo, cane and grass"
269,16295,5,Manufacture of broomsticks
270,16296,8,"Manufacture of articles made of palm leaf, dhak leaf, screw-pine leaf and khajoor leaf; articles of vegetables fibre etc,."
271,16297,1,Manufacture of products of pith and shalapith
272,16299,67,Manufacture of other wood products n.e.c.
273,17011,1,Manufacture of pulp
274,17012,1,Manufacture of news print
275,17013,5,Manufacture of paper and paper rolls not further processed
276,17014,12,Manufacture of packing paper
277,17015,5,Manufacture of other special purpose paper (excluding computer stationary)
278,17016,9,"Manufacture of paper board, straw board"
279,17017,0,Manufacture of hard board including false board and chip board
280,17019,8,Manufacture of other primary paper materials including composite paper and paper board n.e.c.
281,17021,20,Manufacture of corrugated paper and paperboard
282,17022,12,Manufacture of corrugated paper board containers
283,17023,15,Manufacture of card board boxes
284,17024,8,Manufacture of sacks and bags of paper
285,17029,13,Manufacture of other containers of paper and paperboard n.e.c.
286,17091,7,Manufacture of computer paper
287,17092,18,"Manufacture of paper cups, saucers, plates, hoops, cones and other similar products"
288,17093,33,"Manufacture of printing, writing and photocopying paper ready for use"
289,17094,1,Manufacture of paper pulp articles other than containers (such as egg trays)
290,17095,11,"Manufacture of file cover/file boards, and similar articles."
291,17096,1,Manufacture of wall paper
292,17097,15,Manufacture of carbon paper & stationary items
293,17099,46,Manufacture of other paper products n.e.c.
294,18111,6,Printing of newspapers
295,18112,97,"Printing of magazines and other periodicals, books and brochures, maps, atlases, posters etc."
296,18113,5,"Printing of postage stams, taxation stamps, cheques and other security papers"
297,18114,1,"Printing of bank notes, currency notes"
298,18115,37,"Printing directly onto textiles, flexographic plastic, glass, metal, wood and ceramics"
299,18119,90,Other printing activities like screen printing other than textile n.e.c.
300,18121,45,Book and other similar sheet binding on account of others
301,18122,7,"Engraving, etching and block making etc."
302,18129,135,Other service activities related to printing n.e.c.
303,18200,18,Reproduction of recorded media
304,19101,2,Production of coke and semi-coke products
305,19109,1,"Manufacture of other coke oven products such as gas, crude coal and lignite tars etc."
306,19201,20,"Production of liquid and gaseous fuels, illuminating oils, lubricating oils or greases or other products from crude petroleum or bituminous minerals"
307,19202,5,Manufacture of paraffin wax
308,19203,1,Bottling of LPG/CNG
309,19204,0,Manufacture of hard-coal and lignite fuel briquettes
310,19209,11,"Manufacture of other petroleum n.e.c. (includes manufacture of petroleum jelly, micro-crystalline petroleum wax, slack wax, ozokerite, lignite wax, petroleum coke, petroleum bitumen and other residues of petroleum oils or of oils obtained from bituminous minerals)"
311,20111,2,"Manufacture of liquefied or compressed inorganic industrial or medical gases (elemental gases, liquid or compressed air, refrigerant gases, mixed industrial gases etc.)"
312,20112,1,Manufacture of inorganic acids except nitric acid
313,20113,3,Manufacture of tanning or dying extracts; tannings and their derivatives and colouring matter (including manufacture of indigo)
314,20114,1,Manufacture of dyes and pigments from any source in basic form or as concentrate
315,20115,0,Manufacture of turpentine and resins of vegetable origin
316,20116,24,Manufacture of basic chemical elements
317,20117,4,Manufacture of distilled water
318,20118,2,Manufacture of synthetic aromatic products
319,20119,14,Manufacture of organic and inorganic chemical compounds n.e.c.
320,20121,6,Manufacture of urea and other organic fertilizers
321,20122,1,"Manufacture of straight mixed, compound or complex inorganic fertilizers"
322,20123,0,"Manufacture of associated nitrogen products (nitric and sulphonitric acids, ammonia, ammonium chloride, ammonium carbonate, nitrites and nitrates of potassium)"
323,20129,4,Manufacture of other fertilizers n.e.c.
324,20131,10,"Manufacture of plastic in primary forms (includes amino-resins, polyurethanes etc.)"
325,20132,1,Manufacture of synthetic rubber in primary forms
326,20133,2,Manufacture of mixture of synthetic and natural or rubber like gums
327,20211,9,"Manufacture of insecticides, rodenticides, fungicides, herbicides"
328,20212,7,Manufacture of disinfectants (for agricultural and other use)
329,20213,3,"Manufacture of anti-sprouting products, plant growth regulators"
330,20219,7,Manufacture of other agrochemical products n.e.c.
331,20221,36,"Manufacture of paints and varnishes, enamels or lacquers"
332,20222,3,"Manufacture of prepared pigments, prepared opacifiers and prepared colours, vitrifiable enamels and glazes engobes and similar preparations of a kind used in the ceramic, enamelling or glass industry"
333,20223,6,Manufacture of printing ink
334,20224,6,Manufacture of prepared pigments and other colouring matter of a kind used in the manufacture of paints or by artists or other painters
335,20229,6,"Manufacture of caulking compounds and similar non-refractory filling or surfacing preparations, mastics, prepared paint or varnish removers, organic composite solvents and thinners and other related products n.e.c."
336,20231,46,Manufacture of soap all forms
337,20232,31,"Manufacture of cleaning and polishing products (preparations for perfuming or deodorizing rooms; artificial waxes and prepared waxes; polishes and creams for leather, wood, glass, metal etc.; scouring pastes and powders, including paper, wadding etc. coated or covered with these)"
338,20233,24,Manufacture of detergent and similar washing agents excluding soap
339,20234,6,Manufacture of perfumes and cologne de-eau
340,20235,3,"Manufacture of preparations for oral or dental hygiene (includes manufacture of toothpastes, toothpowder, mouthwash, oral, perfumes, dental fixative pastes and powders etc.)"
341,20236,29,"Manufacture of hair oil, shampoo, hair dye etc. (includes manufacture of shampoos, hair sprays, hair fixers, hair oils, hair creams, hair dyes and bleaches and preparations for permanent waving or straightening of the hair etc.)"
342,20237,56,"Manufacture of cosmetics and toileteries (includes manufacture of pre- shave, shaving or after shave preparations; personal deodorants and anti- respirants; perfumed bath salts and other bath preparations; beauty or make-up preparations and preparations for the care of the skin, other than medicaments; manicure and pedicure preparations etc.)"
343,20238,14,Manufacture of “agarbatti” and other preparations which operate by burning
344,20239,30,Manufacture of other perfumes and toilet preparations n.e.c.
345,20291,0,Manufacture of matches
346,20292,4,"Manufacture of explosives, ammunition and fire works"
347,20293,7,"Manufacture of essential oils; modification by chemical processes of oils and fats (e.g. by oxidation, polymerization etc.)"
348,20294,4,"Manufacture of photographic plates, films, sensitized paper and other sensitized unexposed materials,chemical preparations for photographic uses"
349,20295,7,"Manufacture of gelatine and its derivatives, resinoids, glues, prepared adhesives, including rubber-based glues and adhesives"
350,20296,1,Manufacture of chemical elements and compounds doped for use in electronics
351,20297,10,"Manufacture of chemical products or preparations of a kind used in the textiles, paper, leather and like industries"
352,20299,24,"Manufacture of various other chemical products n.e.c.(antiknock preparations, anti-freeze preparations, liquids for hydraulic transmission, composite diagnostic or laboratory reagents, writing or drawing ink, chemical substance used in manufacturing of pesticides and other chemical products)"
353,20301,0,Manufacture of synthetic or artificial filament tow
354,20302,0,Manufacture of synthetic or artificial filament staple fibre not textured
355,20303,1,"Manufacture of synthetic or artificial filament yarn, tenacity yarn whether or not textured including high tenacity yarn"
356,20304,2,Manufacture of synthetic or artificial mono-filament or strip
357,21001,49,"Manufacture of medicinal substances used in the manufacture of pharmaceuticals: antibiotics, endocrine products, basic vitamins; opium derivatives; sulpha drugs; serums and plasmas; salicylic acid, its salts and esters; glycosides and vegetable alkaloids; chemically pure suger etc."
358,21002,25,Manufacture of allopathic pharmaceutical preparations
359,21003,38,Manufacture of `ayurvedic’ or `unani’ pharmaceutical preparation
360,21004,3,Manufacture of homoeopathic or biochemic pharmaceutical preparations
361,21005,3,Manufacture of veterinary preparations
362,21006,16,"Manufacture of medical impregnated wadding, gauze, bandages, dressings, surgical gut string etc."
363,21009,43,Manufacture of other pharmaceutical and botanical products n.e.c. like hina powder etc.
364,22111,13,"Manufacture of rubber tyres and tubes for motor vehicles, motorcycles, scooters, three-wheelers, tractors and aircraft"
365,22112,3,Manufacture of rubber tyres and tubes for cycles and cycle-rickshaws
366,22113,18,Retreading of tyres; replacing or rebuilding of tread on used pneumatic tyres
367,22119,4,Manufacture of rubber tyres and tubes n.e.c.
368,22191,26,"Manufacture of rubber plates, sheets, strips, rods, tubes, pipes, hoses and profile -shapes etc."
369,22192,5,Manufacture of rubber conveyor or transmission belts or belting
370,22193,0,Manufacture of rubber contraceptives
371,22194,1,Manufacture of rubber balloons
372,22199,36,Manufacture of other rubber products n.e.c.
373,22201,20,"Manufacture of semi-finished of plastic proudcts (plastic plates, sheets,blocks,film,foil,strip etc.)"
374,22202,18,"Manufacture of tableware,kitchenware and other houshold articles and toilet articles of plastic, including manufacture of vacuum flasks and other vacuum vessels"
375,22203,48,"Manufacture of plastic articles for the packing of goods (plastic bags, sacks, containers, boxes, cases, carboys, bottles etc)"
376,22204,3,"Manufacture of bathing tubs, wash-basins, lavatory pans and covers,flushing cisterns and similar sanitary-ware of plastics"
377,22205,4,"Manufacture of travel goods of plasitcs (suitcase, vanity bags, hoddalls and similar articles)"
378,22206,3,Manufacture of spectacle frames of plastic
379,22207,32,Manufacture of moulded industrial accessories of plastics [including electrical insulating fitting of plastics]
380,22208,23,Manufacture of ploymer/ synthetic / PVC water storage tanks
381,22209,124,Manufacture of other plastics products n.e.c
382,23101,10,"Manufacture of glass in primary or semi-manufactured forms (such as sheets & plate glass) including mirror sheets and wired, coloured, tinted, toughened or laminated glass"
383,23102,3,"Manufacture of glass fibre (including glass-wool) and yarn of glass fibre; nonwoven glass fabrics, mats, boards and similar non-woven products"
384,23103,3,"Manufacture of hollow glassware (bottles, jars etc.) for the conveyance or packing of goods"
385,23104,1,Manufacture of laboratory or pharmaceutical glassware
386,23105,4,Manufacture of table or kitchen glassware
387,23106,1,Manufacture of glass bangles
388,23107,1,Manufacture of glass decoration pieces and glassware used in imitation jewellery
389,23109,12,"Manufacture of other glassware/ glass proudcts: articles of glass used in construction such as glass blocks; clock or watch glasses, optical glass and optical glass elements not optically worked; and other glass products (including glass beads) n.e.c"
390,23911,4,"manufacture of non-metallic mineral products n.e.c. manufacture of refractory products Manufacture of refractory mortars, concretes etc."
391,23912,11,"Manufacture of refractory bricks, blocks tiles and similar refractory ceramic constructional goods"
392,23913,3,Manufacture of refractory ceramic products
393,23919,0,Manufacture of other refractory articles n.e.c.
394,23921,19,Manufacture of bricks
395,23922,3,"Manufacture of non-refractory ceramic sanitary wares: sinks, baths, water- closet pans, flushing cistern etc."
396,23923,1,"Manufacture of non-refractory ceramic pipes, conduits, guttering and pipe fittings"
397,23929,11,Manufacture of other clay building materials
398,23931,0,"Manufacture of articles of porcelain or china, earthenware, imitation porcelain or common pottery, including earthen statues"
399,23932,2,Manufacture of ceramic tableware and other domestic or toilet articles
400,23933,0,Manufacture of statuettes and other ornamental ceramic articles
401,23934,13,Manufacture of electrical insulators and insulating fittings of ceramics
402,23935,2,"Manufacture of ceramic laboratory, chemical and industrial products"
403,23939,4,Manufacture of ceramic products n.e.c.
404,23941,4,Manufacture of clinkers and cement
405,23942,3,"Manufacture of portland cement, aluminous cement, slag cement and similar hydraulic cement"
406,23943,3,Manufacture of asbestos cement
407,23944,0,"Manufacture of quicklime, slaked lime and hydraulic lime (excluding chewing lime)"
408,23945,1,Manufacture of plasters of calcined gypsum or calcined sulphate
409,23949,2,Manufacture of other cement and plaster n.e.c.
410,23951,0,Manufacture of plaster statues and other plaster products
411,23952,19,"Manufacture of articles articles of concrete, cement or artificial stone (tiles, bricks etc.)"
412,23953,0,Manufacture of asbestos sheets
413,23954,11,Manufacture of R.C.C. bricks and blocks
414,23955,19,Manufacture of hume pipes and other pre-fabricated structural components of cement and/or concrete for building or civil engineering
415,23956,3,"Manufacture of insulation boards of vegetable fibre, straw or wood waste, agglomerated with cement & other mineral binders."
416,23959,9,Manufacture of other cement and asbestos cement products n.e.c.
417,23960,8,"Cutting, shaping and finishing of stone"
418,23991,1,Manufacture of worked mica and mica products
419,23992,0,Manufacture of gypsum boards
420,23993,3,"Manufacture of millstones, sharpening or polishing stones and natural or artificial abrasive products, including abrasive powder or grain on a base of textile material, paper, paper board or other material"
421,23994,3,Manufacture of graphite products other than electrical articles
422,23999,9,"Manufacture of other non-metallic mineral products n.e.c. (includes asbestos yarn and fabric, and articles of asbestos yarn and fabric such as clothing, headgear, footwear, cord, string, paper o felt; friction material with a basis of asbestos or other mineral substances or of cellulose including unmounted articles such as friction material; mineral insulating material (slag wool, rockwool and similar mineral wools, exfoliated vermiculite, expanded clays and similar insulating material); products of glass wool for heat-insulating; articles of asphalt or of similar material (e.g. coal tar pitch), gypsum and articles of other mineral substances)"
423,24101,4,"Manufacture of pig iron and spiegeleisen in pigs, blocks or othter primary forms"
424,24102,1,Manufacture of direct reduction of iron(sponge iron) and other spongy ferrous products
425,24103,23,"Manufacture of steel in ingots or other primary forms, and other semi-finished products of steel"
426,24104,6,Manufacture of ferro-alloys
427,24105,5,Manufacture of hot -rolled and cold-rolled products of steel
428,24106,12,Manufacture of tube and tube fittings of basic iron and steel
429,24107,1,Manufacture of railway track materials (unassembled rails) of steel
430,24108,11,Manufacture of wire of steel by cold drawing or stretching
431,24109,143,Manufacture of other basic iron and steel n.e.c
432,24201,6,"Manufacture of Copper from ore, and other copper products and alloys"
433,24202,23,Manufacture of Aluminium from alumina and by other methods and products of aluminium and alloys
434,24203,3,"Manufacturing of lead, Zinc and tin products and alloys"
435,24204,0,"Manufacturing of chrome,manganese and nickel products alloys"
436,24205,13,"Production and refining of precious metals (such as gold, silver platinum etc.) and alloys"
437,24209,14,Manufacture of other non-ferrous metals n.e.c
438,24311,19,"Manufacture of tubes, pipes and hollow profiles and of tube or pipe fittings of cast-iron/ cast-steel"
439,24319,57,Manufacture of other iron and steel casting and products thereof
440,24320,19,Casting of non-ferrous metals
441,25111,43,"Manufacture of doors, windows and their frames, shutters and rolling shutters, gates and similer articles used on buildings"
442,25112,17,"Manufacture of metal frameworks or skeletons for construction and parts thereof ((towers, masts, trusses, bridges etc.)"
443,25113,25,"Manufacture of industrial frameworks in metal (frameworks for blast furnaces, lifting and handling equipment etc.)"
444,25119,61,Manufacture of other structural metal products
445,25121,3,Manufacture of metal containers for compressed or liquefied gas
446,25122,10,"Manufacture of metal reservoirs, tanks and similar containers"
447,25123,1,Manufacture of central heating boilers and radiators and parts and accessories thereof
448,25129,4,Manufacture of other containers n.e.c.
449,25131,3,Manufacture of steam or other vapour generating boilers and hot water boilers other than central heating boilers
450,25132,0,"Manufacture of nuclear reactors, except isotope separators"
451,25133,1,"Manufacture of auxiliary plant for use with steam generators (condensers, economizers, superheaters, steam collectors and accumulators)"
452,25139,0,"Manufacture of other steam generators (except central heating hot water boilers), n.e.c."
453,25200,1,Manufacture of weapons and ammunition
454,25910,27,"Forging, pressing, stamping and roll-forming of metal; powder metallurgy"
455,25920,32,Machining; treatment and coating of metals
456,25931,5,"Manufacture of cutlery such as knives, forks, spoons, cleavers, choppers,razors, razor blades, scissors, hair clippers etc."
457,25932,5,Manufacture of hand tools (non-power-driven) for agricultural/horticulture/forestry
458,25933,34,"Manufacture of hand tools such as pliers, screwdrivers, press tools,blacksmiths’ tools, drills, punches, milling cutters etc."
459,25934,11,"Manufacture of padlocks, locks, keys, hinges and the like, hardware for buildings, furniture, vehicles etc."
460,25939,13,"Manufacture of general hardware (saws and sawblades, including circular sawbl ades and chainsaw blades, moulding boxes, vices, clamps etc.)"
461,25991,38,"Manufacture of metal fasteners (nails, rivets, tacks, pins, staples, washers and similar non-threaded products and nuts, bolts, screws and other threaded products)"
462,25992,7,Manufacture of containers such as tins and cans for food products and boxes
463,25993,9,Manufacture of metal cable and other articles made of wire (except for electric transmission)
464,25994,32,"Manufacture of metal household articles (plates, saucers, pots, kettles, saucepans, frying pans and other non-electrical utensils, small hand-operated kitchen appliances and accessories)"
465,25995,1,"Manufacture of metal sanitaryware such as baths, sinks, washbasins and similar articles"
466,25996,9,"Manufacture of reinforced safes, vaults, strongroom doors, gates and metal goods for office use (other than office furniture) and other purposes"
467,25999,271,Manufacture of other fabricated metal products n.e.c.
468,26101,16,"Manufacture of electronic capacitors, resistors, chokes, coils, trasformers (electronic) and similar components"
469,26102,7,"Manufacture of electron tubes, diodes, transistors and related discrete devices"
470,26103,10,"Manufacture of integrated circuits (analog, digital or hybrid)"
471,26104,13,"Manufacture of bare printed circuit boards, loading of components onto printed circuit boards; manufacture of interface cards (e.g. sound, video, controllers, network, modems)"
472,26105,7,"Manufacture of display components (plasma, polymer, LCD, LED)"
473,26106,4,"Manufacture of printer cables, monitor cables, USB cables, connectors etc."
474,26107,3,Manufacture of microprocessors
475,26109,31,Manufacture of other electronic components n.e.c
476,26201,27,"Manufacture of desktop computers, laptop computers, hand-held computers (e.g. PDA), mainframe computers and computer servers"
477,26202,4,"Manufacture of magnetic and optical storage devices such as magnetic disk drives, flash drives, CD, DVD and other storage devices"
478,26203,2,"Manufacture of monitors, keyboards, all types of mice, joysticks, and trackball accessories, dedicated computer terminals etc."
479,26204,12,"Manufacture of printers, scanners, including bar code scanners, smart card readers, virtual reality helmets, computer projectors (video beamers)"
480,26205,3,"Manufacture of computer terminals, like automatic teller machines (ATM’s),point-of-sale (POS) terminals not mechanically operated"
481,26209,13,Manufacture of computers and peripheral equipment n.e.c.
482,26301,20,"Manufacture of radio and television studio and broadcasting equipment, including television cameras"
483,26302,0,"Manufacture of telephone and facsimile equipment, including telephone answering machines, PBX"
484,26303,5,"Manufacture of data communications equipment, such as bridges, routers, and gateways"
485,26304,4,"Manufacture of cable television equipment, transmitting and receiving antenna including dish, VSAT"
486,26305,13,"Manufacture of pagers, cellular phones and other mobile communication equipment"
487,26309,10,Manufacture of other communication equipments n.e.c.
488,26401,4,"Manufacture of televisions, television monitors and displays"
489,26402,0,Manufacture video cassette recorders and duplicating equipment
490,26403,4,Manufacture of audio recording and duplicating systems
491,26404,1,Manufacture of radio receivers
492,26405,12,"Manufacture of stereo equipment, speaker systems, amplifiers for musical instruments and public address systems, microphones, karaoke machines, headphones (e.g. radio, stereo, computer)"
493,26406,0,Manufacture of CD and DVD players
494,26409,30,Manufacture of other electronic consumer goods n.e.c. (this includes non- television video camera)
495,26511,1,Manufacture of physical properties testing and inspection equipment
496,26512,2,Manufacture of automotive emissions testing equipment
497,26513,1,"Manufacture of consumption meters for electricity, water or gas, flow meters and counting meters"
498,26514,1,Manufacture of meteorological instruments
499,26515,6,"Manufacture of radar equipment, GPS devices, search, detection, navigation, aeronautical and nautical equipment"
500,26516,9,"Manufacture of laboratory analytical instruments and miscellaneous laboratory apparatus for measuring and testing such as scales, balances, incubators etc."
501,26517,5,Manufacture of industrial process control equipment
502,26519,4,Manufacture of other measuring n.e.c.
503,26521,1,"Manufacture of watches and clocks, including instrument panel clocks (except time-recording equipment)"
504,26522,3,"Manufacture of components for clocks and watches (springs, jewels, dials, hands, plates, bridges and other parts); watch and clock cases, including cases of precious metals"
505,26523,1,"Manufacture of time-recording equipments such as time-clock, parking meters etc."
506,26529,0,Manufacture of other watches and clocks n.e.c.
507,26600,5,"Manufacture of irradiation, electromedical and electrotherapeutic equipment"
508,26700,11,Manufacture of optical instruments and equipment
509,26800,3,Manufacture of magnetic and optical media
510,27101,14,"Manufacture of power generators (except battery charging alternators for internal combustion engines), motor generator sets (except turbine generator set units)"
511,27102,26,"Manufacture of electric power distribution transformers, arc-welding transformers, fluorescent ballasts, transmission and distribution voltage regulators"
512,27103,12,Manufacture of electric motors (except internal combustion engine starting motors)
513,27104,56,"Manufacture of electricity distribution and control apparatus (electrical apparatus for switching or protecting electrical circuits (e.g. switches, fuses, voltage limiters, surge suppressors, junction boxes etc.) for a voltage exceeding 1000 volts; similar apparatus (including relays, sockets etc.) for a voltage not exceeding 1000 volts; boards, panels, consoles, cabinets and other bases equipped with two or more of the above apparatus for electricity control or distribution of electricity including power capacitors.)"
514,27201,16,"Manufacture of primary cells and primary batteries nd rechargable batteries, cells containing manganese oxide, mercuric oxide silver oxide or other material"
515,27202,4,"Manufacture of electric accumulator incuding parts thereof (separators, containers, covers)"
516,27310,5,Manufacture of fibre optic cables for data transmission or live transmission of images
517,27320,30,"Manufacture of other electronic and electric wires and cables (insulated wire and cable made of steel, copper, aluminium)"
518,27331,5,"Manufacture of switch, switch box, lamp holders, lugs etc."
519,27339,9,Manufacture of other wiring devices and fittings n.e.c.
520,27400,47,Manufacture of electric lighting equipment
521,27501,6,"Manufacture of domestic electric appliances such as refrigerators, washing machines, vacuum cleaners, mixers, grinders etc."
522,27502,5,"Manufacture of domestic electrothermic appliances such as electric water heaters, space heaters, irons, ovens, toasters, microwave ovens etc"
523,27503,5,Manufacture of electric fans (except exhaust fans)
524,27504,3,"Manufacture of domestic non-electric cooking and heating equipment such as non-electric space heaters, cooking ranges, grates, stoves, water heaters, cooking appliances, plate warmers"
525,27509,13,Manufacture of other domestic appliances n.e.c.
526,27900,113,Manufacture of other electrical equipment
527,28110,15,"Manufacture of engines and turbines, except aircraft, vehicle and cycle engines"
528,28120,8,Manufacture of fluid power equipment
529,28131,2,Manufacture of hand pumps
530,28132,47,"Manufacture of other pumps, compressors, taps and valves etc."
531,28140,26,"Manufacture of bearings, gears, gearing and driving elements"
532,28150,12,"Manufacture of ovens, furnaces and furnace burners"
533,28161,7,"Manufacture of lifts, escalators and moving walkways"
534,28162,20,Manufacture of other lifting and handling equipment and parts thereof
535,28170,31,Manufacture of office machinery and equipment
536,28180,13,Manufacture of power-driven hand tools
537,28191,3,"Manufacture of refrigerating or freezing equipment f industrial use, including assemblies of major components"
538,28192,8,"Manufacture of air-conditioning machines, including motor vehicles air- conditioners"
539,28193,9,"Manufacture of fire extinguishers and other equipment for projecting, dispersing or spraying liquids or powders whether or not hand-operated, including sand blasting machines, stream cleaning machines etc."
540,28194,2,Manufacture of weighing machinery (other than sensitive laboratory balances)
541,28195,8,Manufacture of filtering and purifying machinery or apparatus for liquids and gases
542,28199,39,"Manufacture of other general purpose machinery n.e.c. ( fans intended for industrial applications, exhaust hoods for commercial, laboratory or industrial use; calendering or other rolling machines other than for metals or glass; gaskets and similar joints made of a combination of materials or layers of the same material and other general purpose machinery including manufacture of parts and accessories for general purpose machinery and equipment.)"
543,28211,2,Manufacture of tractors used in agriculture and forestry
544,28212,1,"Manufacture of ploughs, manure spreaders, seeders, harrows and similar agricultural machinery for soil preparation, planting or fertilizing, harvesting or threshing machinery"
545,28213,2,Manufacture of spraying machinery for agricultural use
546,28219,6,Manufacture of other agricultural and forestry machinery n.e.c.
547,28221,208,"Manufacture of machine tools for turning, drilling, milling, shaping, planning, boring, grinding etc."
548,28222,2,Manufacture of electroplating machinery
549,28223,37,Manufacture of parts and accessories for the machine tools listed above
550,28229,33,Manufacture of metal-forming machinery and machine tools n.e.c
551,28230,4,Manufacture of machinery for metallurgy
552,28241,4,Manufacture of continuous-action elevators and conveyors for underground use
553,28242,3,"Manufacture of boring, cutting, sinking and tunnelling machinery (whether or not for underground use)"
554,28243,2,"Manufacture of earth-moving machinery (bulldozers, angle-dozers, graders, scrapers, levellers, mechanical shovels, shovel loaders, off-road dumping trucks etc.)"
555,28244,0,Manufacture of tracklaying tractors and tractors used in construction or mining
556,28245,2,"Manufacture of concrete and mortar mixers, piledrivers and pile-extractors, mortar spreaders, bitumen spreaders, concrete surfacing machinery"
557,28246,4,Manufacture of parts and accessories for machinery/equipment used by construction and mining industries
558,28249,2,"Manufacture of other machinery for mining, quarrying and construction n.e.c."
559,28251,1,Manufacture of machinery for the dairy industry
560,28252,0,Manufacture of machinery for the grain milling industry
561,28253,2,"Manufacture of presses, crushers etc. used to make wine, cider, fruit juices etc."
562,28254,0,"Manufacture of machinery for the bakery industry or for making macaroni, noodles, pasta etc."
563,28255,0,Manufacture of machinery for the extraction or preparation of animal or vegetable fats or oils
564,28256,0,"Manufacture of machinery for the preparation of tobacco and for the making of cigarettes or cigars, or for pipe or chewing tobacco or snuff"
565,28259,10,Manufacture of other machinery for the industrial preparation or manufacture of food or drink n.e.c. (including tea or coffee making machines)
566,28261,1,"Manufacture of machinery for preparation of textile fibers, spinning machines, machines for preparing textile yarns, weaving machines (looms), including hand looms, knitting machines"
567,28262,0,Manufacture of textile printing machinery
568,28263,6,"Manufacture of machinery for washing, bleaching, dyeing, dressing, finishing coating or impregnating textile fabrics, machines for reeling, unreeling, folding, cutting or pinking textile fabrics, and similar machinery for fabric processing"
569,28264,12,"Manufacture of ironing machines, commercial washing and drying machines, dry-cleaning machines and other laundry machinery"
570,28265,3,"Manufacture of sewing machines, sewing machine heads and sewing machine needles (whether or not for household use)"
571,28266,1,"Manufacture of machinery for preparing, tanning or working hides, skins or leather, machinery for making or repairing footwear or other articles of hides, skins, leather or fur skins"
572,28269,0,"Manufacture of other machinery for textiles, apparel and leather production n.e.c."
573,28291,2,"Manufacture of machinery for making paper pulp, paper, paperboard and articles of paper board"
574,28292,3,Manufacture of machinery for working soft rubber or plastics or for the manufacture of products of these materials
575,28293,5,Manufacture of printing and bookbinding machines and machines for activities supporting printing on a variety of materials (other than textiles)
576,28299,119,Manufacture of other special-purpose machinery n.e.c.
577,29101,2,Manufacture of passenger cars
578,29102,1,"Manufacture of commercial vehicles such as vans, lorries, over-the-road tractors for semi-trailers etc."
579,29103,3,Manufacture of chassis fitted with engines for the motor vehicles included in this class
580,29104,3,Manufacture of motor vehicle engines
581,29109,13,Manufacture of motor vehicles n.e.c
582,29201,7,"Manufacture of bodies, including cabs for motor vehicles"
583,29202,17,Manufacture of trailers and semi-trailers for transport of goods or passengers
584,29209,6,Manufacture of other attachments to motor vehicles n.e.c.
585,29301,98,"Manufacture of diverse parts and accessories for motor vehecles sucs as brakes, gearboxes, axles, road wheels, suspension shock absorbers, radiators, silencers, exhaust pipes, catalysers, clutches, steering wheels, steering olumns and steering boxes etc."
586,29302,17,"Manufacture of parts and accessories of bodies for motor vehicles such as safety belts, airbags, doors, bumpers"
587,29303,3,Manufacture of car seats
588,29304,23,"Manufacture of motor vehicle electrical equipment, such as generators, alternators, spark plugs, ignition wiring harnesses, power window and door systems, assembly of purchased gauges into instrument panels, voltage regulators, etc"
589,30111,5,"Building of commercial vessels: passenger vessels, ferry-boats, cargo ships, tankers, tugs, hovercraft (except recreation-type hovercraft) etc."
590,30112,1,Building of warships and scientific investigation ships etc.
591,30113,4,Building of fishing boats and fish-processing factory vessels
592,30114,2,Construction of floating or submersible drilling platforms
593,30115,4,"Construction of floating structures ( floating docks, pontoons, coffer-dams, floating landing stages, buoys, floating tanks, barges, lighters, floating cranes, non-recreational inflatable rafts etc.)"
594,30120,1,Building of pleasure and sporting boats
595,30201,0,"Manufacture of electric, diesel, steam and other rail locomotives"
596,30202,1,"Manufacture of self-propelled railway or tramway coaches, vans and trucks, maintenance or service vehicles"
597,30203,3,"Manufacture of railway or tramway rolling stock, not self-propelled (passenger coaches, goods vans tank wagons, self-discharging vans and wagons, workshop vans, crane vans, tenders etc."
598,30204,3,"Manufacture of specialized parts of railway or tramway locomotives or of rolling stock (bogies, axles and wheels, brakes and parts of brakes; hooks and coupling devices, buffers and buffer parts; shock absorbers; wagon and ocomotive frames; bodies; corridor connections etc.)"
599,30205,1,"Manufacture of mechanical and electro-mechanical signalling safety and traffic control equipment for railways, tramways, inland waterways, roads, parking facilities, airfields etc."
600,30206,1,Manufacture of mining locomotives and mining rail cars
601,30301,2,Manufacture of airplanes
602,30302,2,Manufacture of helicopters
603,30303,2,"Manufacture of gliders, hang-gliders, dirigibles and hot air balloons and other non-powered aircraft"
604,30304,4,"Manufacture of spacecraft and launch vehicles, satellites, planetary probes,orbital stations, shuttles, intercontinental ballistic (ICBM) and similar missiles"
605,30305,5,"Manufacture of parts and accessories of the aircraft and spacecraft of this class (major assemblies such as fuselages, wings, doors, control surfaces, landing gear, fuel tanks, nacelles, airscrews, helicopter rotors and propelled rotor blades, motors and engines of a kind typically found on aircraft, parts of turbojets and turbopropellers for aircraft, aircraft seats etc. and other specialised parts of spacecraft)"
606,30400,0,Manufacture of weapons and ammunition
607,30911,0,"Manufacture of motorcycles, scooters, mopeds etc. and their engine"
608,30912,0,Manufacture of three-wheelers and their engine
609,30913,16,Manufacture of parts and accessories of three wheelers and motorcycles including side cars
610,30921,3,"Manufacture of non-motorized bicycles and other cycles, including cycle-rickshaws, (delivery) tricycles, tandems, children’s bicycles and tricycles, baby carriages"
611,30922,3,Manufacture of invalid carriages with or without motor
612,30923,6,"Manufacture of parts and accessories for bicycles, cycle -rickshaws and invalid carriages"
613,30991,5,Manufacture of vehicles drawn by animals
614,30999,21,"Manufacture of other transport equipments n.e.c. such as pushcarts, handcarts etc"
615,31001,100,Manufacture of furniture made of wood
616,31002,4,Manufacture of furniture made of cane & reed
617,31003,20,Manufacture of furniture primarily of metal
618,31004,10,Manufacture of furniture primarily of plastic
619,31005,14,Manufacture of mattresses and pillows
620,31009,62,Manufacture of other furniture n.e.c.
621,32111,173,"Manufacture of jewellery of gold, silver and other precious or base metal metal clad with precious metals or precious or semi-precious stones, or of combinations of precious metal and precious or semi-precious stones or of other materials"
622,32112,11,Working of diamonds and other precious and semi-precious stones including the working of industrial quality stones and synthetic or reconstructed precious or semi-precious stones
623,32113,3,Production of worked pearls
624,32114,1,"Manufacture of coins, including coins for use as legal tender, whether or not of precious metal"
625,32119,32,"Manufacture of other articles of gold, silver and other precious and semi precious metal and stone"
626,32120,29,Manufacture of imitation jewellery and related articles
627,32201,0,Manufacture of stringed instruments (non-electronic)
628,32202,0,"Manufacture of wind instruments, accordions, harmonium and similar instruments and mouth organs"
629,32203,1,Manufacture of percussion musical instruments
630,32204,0,"Manufacture of musical instruments, the sound of which is produced electronically"
631,32209,1,Manufacture of other musical instruments n.e.c.
632,32300,14,Manufacture of sports goods
633,32401,8,Manufacture of dolls and toy animals
634,32402,3,"Manufacture of wheeled toys designed to be ridden, including plastic bicycles and tricycles"
635,32403,0,"Manufacture of pin-tables, coin-operated games, billiards, special tables for casino games, etc."
636,32404,1,Manufacture of playing cards
637,32405,2,Manufacture of electronic games
638,32409,8,Manufacture of other games and toys n.e.c
639,32501,4,"Manufacture of dental fillings and cements (except denture adhesive or cement), dental wax and other dental plaster preparations; manufacture of dental laboratory furnaces, dental instruments, artificial teeth, bridges, etc., made in dental labs"
640,32502,10,"Manufacture of laboratory apparatus (laboratory ultrasonic cleaning machinery, laboratory sterilizers, laboratory type distilling apparatus, laboratory centrifuges etc.)"
641,32503,23,"Manufacture of medical, surgical, dental or veterinary furniture such as operating tables, examination tables, dentists’ chairs etc."
642,32504,2,"Manufacture of bone plates and screws, syringes, needles, catheters, cannulae, etc."
643,32505,2,Manufacture of measuring instruments suc as thermometers etc.
644,32506,5,Manufacture of orthopedic and prosthetic devices
645,32507,9,"Manufacture of ophthalmic goods, eyeglasses, sunglasses, lenses ground to prescription, contact lenses, safety goggles etc."
646,32509,21,Manufacture of other medical and dental instruments n.e.c.
647,32901,35,"Manufacture of stationary articles such as pens and pencils of all kinds whether or not mechanical, pencil leads, date, sealing or numbering stamps, hand-operated devices for printing or embossing labels, hand printing sets, prepared typewriter ribbons and inked pads, globes etc."
648,32902,30,"Manufacture of protective safety equipment (fire-resistant and protective safety clothing, linemen’s safety belts and other belts for occupational use, cork life preservers, plastics hard hats and other personal safety equipment of plastics, fire-fighting protection suits, metal safety headgear and other metal personal safety devices, gas masks etc.)"
649,32903,3,"Manufacture of umbrellas, sun-umbrellas, walking sticks, seat-stick"
650,32904,8,"Manufacture of articles of personal use such as cigarette lighters, smoking pipes, combs, hair slides, scent sprays, vacuum flasks and other vacuum vessels for personal or household use, wigs, false beards, eyebrows etc."
651,32909,452,Manufacture of other articles n.e.c.
652,33111,17,Repair and maintenance of structural products
653,33112,25,Repair and maintenance of pipes and pipelines
654,33113,13,"Repair and maintenance of metal tanks, reservoirs, containers, steel shipping drums etc."
655,33114,5,"Repair and maintenance of steam or other vapour generators and auxiliary plant for use with steam generators such as condensers, economizers, superheaters, steam collectors and accumulators"
656,33119,62,Repair and maintenance of other fabricated metal products
657,33121,24,"Repair and maintenance of engines and turbines excluding aircraft, vehicle and cycle engines"
658,33122,34,"Repair and maintenance of pumps and related equipment, fluid power equipment, valves"
659,33123,32,"Repair and maintenance of metal cutting and metal forming machine tools and accessories, power-driven hand-tools and other machine tools"
660,33124,2,Repair and maintenance of agricultural machinery and forestry and logging machinery including agricultural tractors
661,33125,11,"Repair and maintenance of mining, construction, and oil and gas field machinery; metallurgy machinery"
662,33126,3,"Repair and maintenance of food, beverage, and tobacco processing machinery"
663,33127,0,"Repair and maintenance of textile apparel, leather production machinery and papermaking machinery"
664,33129,27,"Repair and maintenance of other special purpose machinery of division 28 (weighing equipment, vending machines, cash registers, photocopy machines, calculators, typewriters etc.)"
665,33131,17,"Repair and maintenance of measuring, testing, navigating and control equipment of group 265"
666,33132,8,"Repair and maintenance of irradiation, electromedical and electro theraputic equipmemts of class 2660"
667,33133,18,Repair and maintenance of optical instruments and equipment of class 2670
668,33140,117,Repair of electrical equipment
669,33150,36,"Repair of transport equipment, except motor vehicles"
670,33190,69,Repair of other equipment
671,33200,74,Installation of industrial machinery and equipment
672,35101,1,Electric power generation by hydroelectric power plants
673,35102,1,Electric power generation by coal based thermal power plants
674,35103,0,"Electric power generation by non-coal based thermal (e.g. diesel, gas )"
675,35104,1,Electric power generation and transmission by nuclear power plants
676,35105,65,Electric power generation using solar energy
677,35106,8,Electric power generation using other non conventional sources
678,35107,7,Transmission of electric energy
679,35109,15,"Collection and distribution of electric energy to households, industrial, commercial and other users n.e.c."
680,35201,3,Manufacture of gas
681,35202,10,Disrtibution and sale of gaseous fuels through mains
682,35301,3,"Production, collection and distribution of steam and hot water for heating, power and other purposes"
683,35302,14,Production and distribution of cooled air and chilled water for cooling purposes
684,35303,3,"Production of ice, including ice for food and non-food (e.g. cooling) purposes"
685,36000,121,"Water collection, treatment and supply"
686,37001,40,The operation and maintenance of sewer systems
687,37002,25,"Collecting and transporting of human or industrial waste water or rain water by means of sewerage networks, collectors, tanks and other means of transport (sewage vehicles etc.)"
688,37003,22,"Treatment of waste water or sewer by means of physical, chemical or biological processes"
689,38110,25,Collection of non-hazardous waste
690,38120,9,Collection of hazardous waste
691,38210,17,Treatment and disposal of non-hazardous waste
692,38221,3,"Treatment and disposal of toxic live or dead animals and other, contaminated waste, disposal of used goods; incineration of hazardous waste"
693,38222,1,"Treatment, disposal and storage of radioactive nuclear waste"
694,38300,28,Materials recovery
695,39000,22,Remediation activities and other waste management services
696,41001,482,Construction of buildings carried out on own-account basis or on a fee or contract basis
697,41002,265,"Activities relating to alteration, addition, repair, maintenance carried out on own-account basis or on a fee or contract basis"
698,41003,106,Assembly and erection of prefabricated constructions on the site
699,42101,57,"Construction and maintenance of motorways, streets, roads, other vehicular and pedestrian ways, highways, bridges, tunnels and subways"
700,42102,12,Construction and maintenance of railways and rail-bridges
701,42103,0,Construction and maintenance of airfield runways
702,42201,17,Construction and maintenance of power plants
703,42202,23,"Construction/erection and maintenance of power, telecommunication and transmission lines"
704,42203,13,Construction of long distance pipelines or urban pipelines
705,42204,22,"Construction and maintenance of water main and line connection, water reservoirs including irrigation system (canal)"
706,42205,19,Construction and repair of sewer systems including sewage disposal plants and pumping stations
707,42206,8,Water well drilling
708,42209,29,Construction of utility projects n.e.c.
709,42901,30,Construction and maintenance of industrial facilities such as refineries chemical plants etc.
710,42902,11,"Construction of waterways, harbours and river works, dredging of waterways"
711,42903,0,Construction of dams etc.
712,42904,2,Construction of outdoor sports facilities
713,42909,291,Other civil engineering projects n.e.c.
714,43110,17,Demolition
715,43121,1,Site preparation for mining including overburden removal and other development and preparation of mineral properties and sites except oil and gas sites
716,43122,15,"Site preparation including drilling, boring and core sampling for construction, geophysical, geological or similar purposes"
717,43123,33,"Clearing of building sites, earth moving: excavation, landfill, levelling and grading of construction sites, trench digging, rock removal, blasting etc."
718,43129,12,Other site preparation activities n.e.c.
719,43211,100,Installation of electrical wiring and fittings
720,43212,26,"Installation of telecommunications wiring, computer network and cable television wiring, including fibre optic, satellite dishes"
721,43213,27,Installation of street lighting and electrical signals
722,43214,26,Installation of fire alarm system and burgler alarm system
723,43219,76,Other electrical electrical installation n.e.c.
724,43221,45,"Installation of plumbing for water, gas and sanitation equipments"
725,43222,15,"Installation of heating systems (electric, gas and oil), furnaces, cooling towers, non-electric solar energy collectors etc."
726,43229,49,"Other plumbing, heat and air conditioning activities n.e.c."
727,43291,11,"Installation of elevators, escalators"
728,43292,4,"Installation of thermal, sound or vibration insulation system in buildings"
729,43299,38,Other construction projects n.e.c.
730,43301,46,"Installation of doors, windows, door and window frames, fitted kitchens, of wood or other materials"
731,43302,120,"Interior completion such as ceilings, wooden wall coverings, movable partitions etc. ; Laying of parquet and other wood floor coverings, carpets and linoleum, wallpaper; tiling with ceramic, concrete or cut stone ceramic etc."
732,43303,159,"Interior and exterior painting, glazing, plastering and decorating of buildings or civil engineering structures"
733,43309,34,Other building completion and finishing
734,43900,92,Other specialized construction activities
735,45101,42,"Wholesale and retail sale of new vehicles (passenger motor vehicles, ambulances, minibuses, jeeps, trucks, trailers and semi-trailers)"
736,45102,102,Wholesale and retail sale of used motor vehicles
737,45200,244,Maintenance and repair of motor vehicles
738,45300,111,Sale of motor vehicle parts and accessories
739,45401,29,"Wholesale or retail sale of new motorcycles, mopeds, scooters and three wheelers"
740,45402,59,"Wholesale or retail sale of parts and accessories of motorcycles, mopeds, scooters and three wheelers"
741,45403,81,"Maintenance and repair of motor cycles, mopeds, scooters and three wheelers"
742,46101,35,"Activities of commission agents, brokers dealing in wholesale trade of agricultural raw material, live animals, food, beverages, intoxicants and textiles"
743,46102,27,"Activities of commission agents dealing in wholesale trade inwood, paper, skin, leather and fur, fuel, petroleum products, chemicals, perfumery and cosmetics, glass, minerals, ores and metals"
744,46103,12,"Activities of commission agents dealing in wholesale trade in machinery & equipment, other than transport machinery"
745,46109,42,Activities of other commission agents n.e.c. (including commission agents working in emerging areas for wholesale trade
746,46201,76,Wholesale of cereals & pulses
747,46202,2,"Wholesale of un-manufactured tobacco, paan (betel leaf), opium, ganja, cinchona etc"
748,46203,13,Wholesale of live animals and poultry
749,46204,5,"Wholesale of straw, fodder & other animal/poultry feed"
750,46205,68,Wholesale of flowers and plants
751,46206,11,"Wholesale of hides, skins and leather"
752,46207,5,Wholesale of oilseed oleaginous fruits
753,46208,1,Wholesale of sugarcane
754,46209,56,Whole sale of other agriculture raw materials n.e.c.
755,46301,296,Wholesale of fruits & vegetables
756,46302,104,Wholesale of raw milk & dairy products
757,46303,64,"Wholesale of meat, fish & eggs"
758,46304,49,"Wholesale of confectionery, bakery products and beverages other than intoxicants"
759,46305,118,"Wholesale of edible oils, fats, sugar and processed/manufactured spices etc."
760,46306,29,"Wholesale of tea, coffee & cocoa"
761,46307,6,Wholesale of manufactured tobacco & tobacco products
762,46308,4,Wholesale of intoxicants like wines and liquors
763,46309,103,Wholesale of other basic/manufactured food stuffs n.e.c.
764,46411,193,"Wholesale of textiles, fabrics, yarn, household linen, articles of clothing, floor coverings and tapestry, sports clothes"
765,46412,8,Wholesale of umbrella and clothing accessories
766,46413,25,Wholesale of footwear
767,46419,120,Wholesale of other clothing items n.e.c.
768,46491,39,"Wholesale of toiletry, perfumery and cosmetics"
769,46492,9,"Wholesale of metal, porcelain and glass utensils; crockery and chinaware"
770,46493,22,Wholesale of furniture and fixtures
771,46494,6,"Wholesale of watches, clocks and optical goods"
772,46495,0,"Wholesale of recorded audio or video tapes, CDs and DVDs"
773,46496,58,"Wholesale of paper and other stationery items; books, magazines and newspapers"
774,46497,79,Wholesale of pharmaceutical and medical goods
775,46498,14,Wholesale of precious metals and jewellery
776,46499,87,"Wholesale of other households goods, n.e.c. [Includes wholesale of household equipment and appliances, n.e.c; photographic equipment, games, toys and sports goods (also includes bicycles, cycle rickshaw, tonga & other non-mechanised vehicles); leather goods and travel accessories; cleaning materials etc.]"
777,46511,62,Wholesale of computers and computer peripheral equipment
778,46512,15,Wholesale of software
779,46521,22,"Wholesale of electronic valves and tubes, semiconductor devices, microchips, integrated circuits and printed circuits"
780,46522,19,"Wholesale of radio, television and other consumer electronics including CD/DVD players and recorders"
781,46523,2,"Wholesale of blank audio and video tapes and diskettes, magnetic and optical disks (CDs, DVDs) and parts"
782,46524,123,"Wholesale of telephone, mobile phone and communications equipment and parts"
783,46529,67,Wholesale of other electronic equipments and parts thereof
784,46531,0,Wholesale of tractors used in agriculture and forestry
785,46532,2,"Wholesale of ploughs, manure spreaders, seeders, harvesters, threshers"
786,46533,3,"Wholesale of milking machines, poultry-keeping machines, bee-keeping machines"
787,46539,11,Wholesale of other agriculture machinery n.e.c.
788,46591,16,"Wholesale of office machinery and equipment, except computers and computer peripheral equipment"
789,46592,9,"Wholesale of transport equipment except motor vehicles, motorcycles and bicycles"
790,46593,69,"Wholesale of electrical machinery, equipment and supplies, n.e.c."
791,46594,25,Wholesale of construction and civil engineering machinery and equipment
792,46595,12,"Wholesale of machinery and equipment for the textile, wood and metal industries etc."
793,46596,37,"Wholesale of scientific, medical and surgical machinery and equipment"
794,46599,24,"Wholesale of other machinery, equipment and supplies n.e.c. including computer-controlled machine tools and computer-controlled sewing and knitting machines"
795,46610,36,"Wholesale of solid, liquid and gaseous fuels and related products"
796,46620,100,Wholesale of metals and metal ores
797,46631,20,Wholesale of wood in the rough and products of primary processing of wood
798,46632,83,"Wholesale of construction materials (sand, gravel etc.)"
799,46633,115,"Wholesale of hardware and sanitary fittings and fixtures and flat glass including tools such as hammers, saws, screwdrivers and other hand tools"
800,46634,32,"Wholesale of paints, varnishes, and lacquers"
801,46639,62,Wholesale of other construction equipment n.e.c.
802,46691,17,"Wholesale of industrial chemicals,"
803,46692,11,Wholesale of fertilizers and agrochemical products
804,46693,26,Wholesale of plastic materials in primary forms
805,46694,8,Wholesale of rubber
806,46695,10,Wholesale of textile fibres etc.
807,46696,25,Wholesale of paper in bulk
808,46697,2,Wholesale of precious stones
809,46699,230,Wholesale of metal and non-metal waste and scrap n.e.c.
810,46901,50,Wholesale trade via e-commerce excluding activities of commission agents
811,46909,335,Other non-specialised wholesale trade n.e.c.
812,47110,238,"Retail sale in non-specialized stores with food, beverages or tobacco predominating"
813,47190,361,Other retail sale in non-specialized stores
814,47211,239,"Retail sale of cereals and pulses, tea, coffee, spices and flour"
815,47212,214,Retail sale of fresh or preserved fruit and vegetables
816,47213,179,"Retail sale of meat, meat products, poultry products, fish, other seafood and products thereof"
817,47214,124,"Retail sale of bakery products, dairy products and eggs"
818,47215,29,Retail sale of sugar confectionery and sweetmeat
819,47219,393,Retail sale of other food products n.e.c.
820,47221,6,Retail sale of alcoholic beverages not consumed on the spot
821,47222,49,Retail sale of non-alcoholic beverages including icecream not for consumption on the premises
822,47230,5,Retail sale of tobacco products in specialized stores
823,47300,42,Retail sale of automotive fuel in specialized stores [includes the activity of petrol filling stations.
824,47411,114,Retail sale of computers and computer peripherals
825,47412,5,Retail sale of video games
826,47413,11,Retail sale of non-customized software
827,47414,61,Retail sale of telecommunication equipment
828,47420,31,Retail sale of audio and video equipment in specialized stores
829,47510,314,Retail sale of textiles in specialized stores
830,47521,80,"Retail sale of building material such as bricks, wood, sanitary equipment"
831,47522,138,"Retail sale of hardware including paints, varnishes and lacquers and do - it - yourself materials and equipments"
832,47523,26,Retail sale of glass
833,47531,18,"Retail sale of carpets, rugs, curtains and net curtains"
834,47532,20,Retail sale of wallpaper and floor coverings
835,47591,64,Retail sale of household furniture
836,47592,27,"Retail sale of household utensils and cutlery, crockery, glassware, china and pottery"
837,47593,27,"Retail sale of gas stoves, cooking/kitchen appliances"
838,47594,101,"Retail sale of refrigerators, washing machines and other electrical/electronic household goods"
839,47595,2,Retail sale of musical instruments
840,47599,87,"Retail sale of other household appliances n.e.c. ( security systems, such as locking devices, safes, and vaults, without installation or maintenance services etc. , wooden, cork and wickerwork goods, sewing and knitting machine and other household utensils and durables n.e.c.)"
841,47611,41,Retail sale of books of all kinds
842,47612,16,Retail sale of newspapers and magazines
843,47613,162,"Retail sale of stationery office supplies such as pens, pencils, paper etc."
844,47620,4,Retail sale of music and video recordings in specialized stores
845,47630,24,Retail sale of sporting equipment in specialized stores
846,47640,62,Retail sale of games and toys in specialized stores
847,47711,282,"Retail sale of readymade garments, hosiery goods, other articles of clothing and clothing accessories such as gloves, ties, braces etc."
848,47712,3,Retail sale of articles of fur and artificial fur
849,47713,44,Retail sale of footwear
850,47714,39,Retail sale of leather goods and travel accessories of leather and leather substitutes
851,47721,199,"Retail sale of pharmaceuticals, medical and orthopaedic goods and toilet articles"
852,47722,47,Retail sale of perfumery and cosmetic articles
853,47731,16,"Retail sale of photographic, optical and precision equipment"
854,47732,14,Retail sale of watches and clocks
855,47733,56,Retail sale of jewellery and immitation jewellery
856,47734,58,"Retail sale of flowers, plants, pet animals and pet food"
857,47735,18,"Retail sale of souvenirs, craftwork and religious articles, stamps and coins"
858,47736,13,"Retail sale of household fuel oil, bottled gas, coal and fuel wood"
859,47737,13,"Retail sale of seeds, fertilisers, pesticides, machinery equipments and hand tools"
860,47738,5,Activities of commercial art galleries
861,47739,39,"Other retail sale of new goods in specialized stores n.e.c (weapons and ammunition, non food products)"
862,47740,41,Retail sale of second-hand goods
863,47810,65,"Retail sale via stalls and markets of food, beverages and tobacco products"
864,47820,76,"Retail sale via stalls and markets of textiles, clothing and footwear"
865,47890,88,Retail sale via stalls and markets of other goods
866,47911,23,Retail sale via mail order houses
867,47912,105,Retail sale via e-commerce
868,47990,261,"Other retail sale not in stores, stalls or markets"
869,49110,157,Passenger rail transport
870,49120,51,Freight rail transport
871,49211,311,Urban or suburban passenger bus transport (excluding chartered bus)
872,49212,25,Urban or suburban tramways
873,49213,12,Urban or suburban underground or elevated rillways
874,49219,91,Other urban or suburban passenger transport n.e.c.
875,49221,21,Long-distance bus services
876,49222,10,"Charters, excursions and other occasional coach services"
877,49223,109,Rental of private cars with driver
878,49224,192,Taxi operation
879,49225,16,Operation of school buses and buses for transport of employees
880,49226,38,Passenger transport by man- or animal-drawn vehicles
881,49229,85,Other non urban passenger land transport n.e.c.
882,49231,543,Motorised road freight transport
883,49232,97,Non-motorised road freight transport
884,49300,929,Transport via pipeline
885,50111,43,Sea and coastal ferry service
886,50112,18,"Sea and coastal water cruise, water taxis and other sight seeing boats"
887,50113,8,Sea and coastal long distance water transport
888,50119,21,Other sea and coastal water transport n.e.c.
889,50120,92,Sea and coastal freight water transport
890,50211,1,River ferry service
891,50212,3,"River cruise, water taxi, boat services"
892,50213,11,Long distance river water transport
893,50219,60,Other inland water transport n.e.c.
894,50220,108,Inland freight water transport
895,51101,21,Passenger airways
896,51102,2,Helicopter services
897,51109,6,Other passenger air-transport n.e.c
898,51201,67,Freight air transport services
899,51202,1,Launching of satellites and space vehicles and space transport
900,52101,31,Warehousing of refrigerated (cold storage)
901,52102,40,Warehousing non-refrigerated
902,52109,108,"Storage and warehousing n.e.c.[Includes general merchandise warehouses and warehousing of furniture, automobiles, gas and oil, chemicals, textiles etc. Also included is storage of goods in foreign trade zones]"
903,52211,10,Car parking including motorcycle and bicycle parking
904,52212,4,"Support service at railway stations, bus stations, bridges etc."
905,52213,8,Switching and shunting
906,52219,115,Other land transport services n.e.c
907,52220,30,Service activities incidental to water transportation
908,52231,12,"Activities related to air transport of passengers, animals or freight"
909,52232,6,Firefighting and fire-prevention services at airports
910,52241,84,Cargo handling incidental to land transport
911,52242,37,Cargo handling incidental to water transport
912,52243,31,Cargo handling incidental to air transport
913,52291,72,Activities of travel agents and tour operators
914,52292,89,Activities of shipping cargo agents
915,52293,152,Activities of movers and packers
916,52294,61,Weighing of goods
917,53100,36,Postal activities
918,53200,132,Courier activities
919,55101,111,"Hotels and Motels, inns, resorts providing short term lodging facilities; includes accommodation in house boats"
920,55102,27,"Provision of short term lodging facilities to members of a particular organisition such as govt. guest houses, company guest houses, circuit houses and similar establishments"
921,55109,48,"Provision of short stay accommodation n.e.c. (e.g. holiday homes, private guest houses etc.)"
922,55200,6,"Camping grounds, recreational vehicle parks and trailer parks"
923,55901,20,"Accommodation provided by student residences, school dormitories"
924,55902,82,Worker hostels and boarding houses
925,56101,343,Restaurants without bars
926,56102,580,"Cafeterias, fast-food restaurants and other food preparation in market stalls"
927,56103,66,"Ice cream mobile vendors, mobile food carts"
928,56104,40,"Restaurant and bar activities connected to transportation, when carried out by separate units"
929,56210,363,Event catering
930,56291,911,Activities of food service contractors (e.g. for transportation companies)
931,56292,311,"Operation of canteens or (e.g. for factories, offices, hospitals or schools) on a concession basis"
932,56301,22,Bars and Restaurants with bars
933,56302,258,Tea/coffee shops
934,56303,237,Fruit juice bars
935,56304,141,Mobile beverage vendors
936,58111,85,"Publishing of books, brochures, leaflets and similar publications, including publishing encyclopedias (including on CD-ROM)"
937,58112,7,"Publishing of atlases, maps and charts"
938,58113,13,Publishing of audio books
939,58121,8,Publishing of mailing lists and telephone directories
940,58122,5,"Publishing of other directories and compilations, such as case law, pharmaceutical compendia etc."
941,58131,21,Publishing of newspapers
942,58132,24,Publishing of journals and periodicals
943,58191,20,On-line publishing of statistics and other information
944,58199,94,Other publishing activities (including on-line) n.e.c.
945,58201,39,Publishing of operating systems and system software
946,58202,24,Publishing of operating business and other applications
947,58203,17,Publishing of computer games for all platforms
948,59111,66,Production of motion picture
949,59112,71,Video production
950,59113,56,Production of television programmes or television commercials
951,59121,28,Post production activities of motion picture
952,59122,20,Post production activities of television programmes or television commercials
953,59123,31,Post production activities of video production
954,59131,33,Motion picture distribution
955,59132,11,"Distribution of video tapes, CD and DVDs"
956,59133,18,Distribution of television programme
957,59141,53,"Motion picture or video tape projection in cinemas, in the open air or in other projection facilities"
958,59142,9,Activities of cine-clubs
959,59201,65,Activities of sound recording in studio or elsewhere
960,59202,34,Activities of misic publishing
961,60100,10,Radio broadcasting
962,60200,50,This class includes creation
963,61101,19,"Activities of basic telecom services: telephone, telex and telegraph (includes the activities of STD/ISD booths)"
964,61102,28,Maintenance of telecom network
965,61103,31,Activities of the cable operators
966,61104,23,Activities of providing internet access by the operator of the wired infrastructure
967,61201,18,Activities of Internet access by the operator of the wireless infrastructure
968,61202,33,"Activities of maintaining and operating pageing, cellur and other tetecommunication networks"
969,61209,37,Activities of other wireless telecommunications activities
970,61301,8,Activity of Internet access by the operator of the satellite infrastructure
971,61309,10,Other satellite telecommunications activities
972,61900,131,Other telecommunications activities
973,62011,131,"Writing , modifying, testing of computer program to meet the needs of a particular client excluding web-page designing"
974,62012,99,Web-page designing
975,62013,204,Providing software support and maintenance to the clients
976,62020,173,Computer consultancy and computer facilities management activities
977,62091,110,Software installation
978,62092,12,Computer disaster recovery
979,62099,400,Other information technology and computer service activities n.e.c
980,63111,50,Data processing activities including report writing
981,63112,33,Web hosting activities
982,63113,16,Providing general time-share mainframe facilities to clients
983,63114,43,Providing data entry services
984,63119,61,"Other data processing, hosting and related activities n.e.c."
985,63121,51,Operation of web sites that use a search engine to generate and maintain extensive databases of internet addresses and content in an easily searchable format
986,63122,50,"Operation of other websites that act as portals to the Internet, such as media sites providing periodically updated content"
987,63910,33,News agency activities
988,63991,20,Telephone based information services
989,63992,21,Activities of cyber café
990,63999,239,Other information service activities n.e.c.
991,64192,5,Activities of specialized institutions granting credit for house purchases that also take deposits
992,64199,20,Other monetary intermediation services n.e.c.
993,64200,4,Activities of holding companies
994,64300,21,"Trusts, funds and other financial vehicles"
995,64910,41,Financial leasing
996,64920,21,Other credit granting
997,64990,365,"Other financial service activities, except insurance and pension funding activities, n.e.c"
998,65110,45,Life insurance
999,65120,30,Non-life insurance
1000,65200,10,Reinsurance
1001,65300,3,Pension funding
1002,66110,51,Administration of financial markets
1003,66120,33,Security and commodity contracts brokerage
1004,66190,105,Activities auxiliary to financial service activities n.e.c.
1005,66210,4,Risk and damage evaluation
1006,66220,42,Activities of insurance agents and brokers
1007,66290,49,Other activities auxiliary to insurance and pension funding
1008,66301,15,Management of mutual funds
1009,66302,3,Management of pension funds
1010,66309,133,Management of other investment funds
1011,68100,319,Real estate activities with own or leased property
1012,68200,369,Real estate activities on a fee or contract basis
1013,69100,76,Legal activities
1014,69201,204,"Accounting, bookkeeping and auditing activities"
1015,69202,193,Tax consultancy
1016,70100,26,Activities of head offices
1017,70200,368,Management consultancy activities
1018,71100,454,Architectural and engineering activities and related technical consultancy
1019,71200,89,Technical testing and analysis
1020,72100,58,Research and experimental development on natural sciences and engineering
1021,72200,21,Research and experimental development on social sciences and humanities
1022,73100,245,Advertising
1023,73200,51,Market research and public opinion polling
1024,74101,148,"Fashion design related to textiles, wearing apparel, shoes, jewelry, furniture and other fashion goods as well as other personal or household goods"
1025,74102,205,Activities of interior decorators
1026,74103,60,Services of graphic designers
1027,74109,105,Other specialized design activities n.e.c.
1028,74201,76,Commercial and consumer photograph production
1029,74202,47,Photographic film processing
1030,74203,6,Activities of photojournalists
1031,74204,5,Microfilming of documents
1032,74209,142,Other photographic activities
1033,74901,47,Business brokerage activities
1034,74902,2,Patent brokerage activities
1035,74903,1,Weather forecasting activities
1036,74904,17,Security consulting
1037,74909,631,"Other professional, scientific and technical activities n.e.c."
1038,75000,34,Veterinary activities
1039,77100,91,Renting and leasing of motor vehicles
1040,77210,7,Renting and leasing of recreational and sports goods
1041,77220,4,Renting of video tapes and disks
1042,77291,51,"Renting of tent, furniture, pottery and glass, kitchen and tableware, utensils, household electrical and electronic equipments etc."
1043,77292,1,"Renting of books, journals and magazines"
1044,77293,5,"Renting of jewellery, musical instruments, scenery and costumes"
1045,77294,8,"Renting of textiles, wearing apparel, footwear, sleeping bag, rucksack, household goods"
1046,77299,41,Renting of other personal and household goods n.e.c.
1047,77301,17,"Renting and operational leasing, without operator, of other machinery and equipment that are generally used as capital goods by industries"
1048,77302,8,Renting and operational leasing of agricultural and forestry machinery and equipment without operator
1049,77303,31,Renting and operational leasing of construction and civil-engineering machinery and equipment without operator
1050,77304,13,Renting and operational leasing of office machinery and equipment without operator
1051,77305,9,Renting and operational leasing of land-transport equipment (other than motor vehicles) without drivers
1052,77306,2,Renting and operational leasing of water-transport equipment without operator
1053,77307,1,Renting and operational leasing of air transport equipment without operator
1054,77308,4,"Renting of other tangible goods with out operator (includes renting of containers, pallets, animals etc.)"
1055,77309,64,Renting and leasing of other machinery and equipment n.e.c. without operator
1056,77400,28,Leasing of nonfinancial intangible assets
1057,78100,222,Activities of employment placement agencies
1058,78200,110,Temporary employment agency activities
1059,78300,203,Human resources provision and management of human resources functions
1060,79110,661,Travel agency activities
1061,79120,195,Tour operator activities
1062,79900,204,Other reservation service and related activities
1063,80100,81,Private security activities
1064,80200,66,Security systems service activities
1065,80300,14,Investigation activities
1066,81100,171,Combined facilities support activities
1067,81210,90,General cleaning of buildings
1068,81291,5,"Cleaning of trains buses, planes etc."
1069,81292,15,Cleaning of industrial machinery
1070,81299,93,Other building and industrial cleaning activities
1071,81300,161,Landscape care and maintenance service activities
1072,82110,50,Combined office administrative service activities
1073,82191,44,"Photocopying, duplicating and bluprinting services"
1074,82192,74,"Document preparation, typing, word processing and desktop publishing sevices"
1075,82199,24,Other specialised office support services activities
1076,82200,21,Activities of call centres
1077,82300,22,Organization of conventions and trade shows
1078,82910,24,Activities of collection agencies and credit bureaus
1079,82920,42,Packaging activities
1080,82990,502,Other business support service activities n.e.c.
1081,84121,12,Regulatory agencies relating to health
1082,84122,7,Regulatory agencies relating to education
1083,84129,10,Regulatory agencies relating to other social services n.e.c. excluding social security
1084,84130,6,Regulation of and contribution to more efficient operation of businesses
1085,84210,0,Foreign affairs
1086,84220,1,Defence activities
1087,84230,7,Public order and safety activities
1088,84300,3,Compulsory social security activities
1089,85101,45,Pre-primary education (education preceding the first level)
1090,85102,17,Primary education (education at the first level)
1091,85103,3,Provision of literacy programmes for adults at primary level
1092,85104,1,Special education for handicapped students at primary lavel
1093,85109,19,Other primary education activities n.e.c.
1094,85211,17,General school education in the first stage of the secondary level (up to X th standard) without any special subject pre-requisite
1095,85212,23,"General school education in the second stage of the secondary level (Senior/ Higher secondary) giving, in principle, access to higher education"
1096,85213,0,Special education for handicapped students at first stage or second stage of secondary level
1097,85221,29,Technical and vocational education below the level of higher education except for handicapped
1098,85222,7,Technical and vocational education for handicapped students below the level of higher education
1099,85223,6,Professional motor driving school
1100,85301,10,"Higher education in science, commerce, humanity and fine arts leading to a university degree or equivalent"
1101,85302,16,Higher education in engineering / other technical courses leading to a university degree or equivalent
1102,85303,5,Higher education in medical/bio-technology and related courses leading to a university degree or equivalent
1103,85304,4,Higher education in management courses leading to a degree or equivalent
1104,85305,3,Higher education in law leading to a degree or equivalent
1105,85306,8,Higher education in other professional/ vocational courses leading to a degree or equivalent
1106,85307,7,Higher education not leading to a degree or equivalent
1107,85410,43,Sports and recreation education
1108,85420,25,Cultural education
1109,85491,77,Academic tutoring services
1110,85492,15,Professional examination review courses
1111,85493,3,Flying school
1112,85494,3,Motor driving school (non-professional)
1113,85499,162,Other educational services n.e.c.
1114,85500,254,Educational support services
1115,86100,182,Hospital activities
1116,86201,138,Medical practice activities
1117,86202,87,Dental practice activities
1118,86901,32,Activities of Ayurveda practitioners
1119,86902,3,Activities of Unani practitioners
1120,86903,11,Activities of homeopaths
1121,86904,75,"Activities of nurses, masseures, physiotherapists or other para-medical practitioners"
1122,86905,73,Activities of independent diagnostic/pathological laboratories
1123,86906,2,Activities of independent blood banks
1124,86909,149,Other human health activities n.e.c. (including independent ambulance activities)
1125,87100,20,Nursing care facilities
1126,87200,8,"Residential care activities for mental retardation, mental health and substance abuse"
1127,87300,19,Residential care activities for the elderly and disabled
1128,87900,97,Other residential care activities n.e.c.
1129,88100,17,Social work activities without accommodation for the elderly and disabled
1130,88900,66,Other social work activities without accommodation n.e.c.
1131,90001,70,Stage production and related activities
1132,90002,19,Operation of concert and theatre halls and other arts facilities
1133,90003,39,"Activities of sculptors, painters, cartoonists, engravers, etchers etc."
1134,90004,12,"Activities of individual writers, for all subjects including fictional writing,technical writing etc."
1135,90005,1,Activities of independent journalists
1136,90006,32,Activities of restoring of works of art such as paintings etc.
1137,90009,199,Other creative arts and and entertainment activities
1138,91010,10,Library and archives activities
1139,91020,3,Museums activities and operation of historical sites and buildings
1140,91030,5,Botanical and zoological gardens and nature reserves activities
1141,93110,69,Operation of sports facilities
1142,93120,48,Activities of sports clubs
1143,93190,57,Other sports activities
1144,93210,2,Activities of amusement parks and theme parks
1145,93290,31,Other amusement and recreation activities n.e.c.
1146,94110,9,Activities of business and employers membership organisations
1147,94120,5,Activities of professional membership organizations
1148,94200,11,Activities of trade unions
1149,94910,11,Activities of religious organizations
1150,94920,3,Activities of political organizations
1151,94990,9,Activities of other membership organizations n.e.c.
1152,95111,208,Repair and maintenance of computer and peripheral equipment
1153,95112,29,"Repair and maintenance of automated terminals like automatic teller machines, point-of-sale (POS) terminals, not mechanically operated"
1154,95120,59,Repair of communication equipment
1155,95210,170,Repair of consumer electronics
1156,95221,167,"Repair and servicing of household appliances ( refrigerators, stoves, washing machines, clothes dryers, room air conditioners, etc. )"
1157,95222,12,"Repair and servicing of home and garden equipment such lawn mowerrs, edgers, trimmers etc."
1158,95230,11,Repair of footwear and leather goods
1159,95240,28,Repair of furniture and home furnishings
1160,95291,16,Repair of bicycles
1161,95292,17,Repair and alteration of clothing
1162,95293,5,Repair and alteration of jewellery
1163,95294,8,"Repair of watches, clocks and their parts"
1164,95295,1,Repair of musical instruments
1165,95299,98,Repair of other personal and household goods n.e.c.
1166,96010,188,Washing and (dry-) cleaning of textile and fur products
1167,96020,460,Hairdressing and other beauty treatment
1168,96030,21,Funeral and related activities
1169,96091,197,"Social activities such as escort services, marriage bureaus"
1170,96092,35,"Pet care services such as boarding, grooming and training pets etc."
1171,96093,40,"Shoe shiners, porters, valet car parkers etc."
1172,96094,44,"Coin-operated personal service machines such as photo booths, weighing machines, blood pressure checking machines etc."
1173,96095,90,"Activities of sauna and steam baths, massage salons etc."
1174,96096,53,Astrological and spiritualists’ activities
1175,96097,26,"Activities of aaya, dhai, governess, baby sitter etc."
1176,96098,814,"General household maintenance activities like grooming of the floor, dusting, cleaning of utensils etc."
